lei,name,count,period
01ERPZV3DOLNXY2MLB90,"Libertyville Bank & Trust Company, N.A.",55,2024
01KWVG908KE7RKPTNP46,HomeStreet Bank,1,2024
03D0JEWFDFUS0SEEKG89,"TD Bank, National Association",1,2024
1DU7IM20QESYGDO4HO54,The Northwestern Mutual Life Insurance Company,2,2024
1IE8VN30JCEQV1H4R804,"HSBC BANK USA, NATIONAL ASSOCIATION",57,2024
1TMVIO1SD0RLIPEIW803,Great Southern Bank,12,2024
20TVKH7M13MUBGE80C53,Independent Bank,5,2024
2138004QPZ7FMGPTU106,CorTrust Bank National Association,1,2024
21380054U5NKZKBQ4128,Central Federal Savings and Loan Association,38,2024
2138007DQF1WY8NDYM18,NORTHWEST BANK OF ROCKFORD,255,2024
2138009TTY1M4OJRXV14,BANKORION,185,2024
213800GF3VF8WSF5Q651,FOREST PARK NATIONAL BANK AND TRUST COMPANY,62,2024
213800K8DDKEL9X4OK57,FIRST SOUTHERN BANK.,209,2024
213800M6RMI3YBX62W88,"CORTRUST MORTGAGE, INC.",2,2024
213800QUAI2VH5YM6310,"EMBRACE HOME LOANS, INC.",20,2024
213800XR2TCBQJSF1X93,NBKC BANK,380,2024
25490001F0A9F7BV6B05,Albany Bank and Trust Company National Association,9,2024
2549000C5KZ15Q2U9V68,BANK,5,2024
254900114YHTRFBALC74,"Genesis Capital, LLC",11,2024
25490018IFQOT83Q7H49,"GO MORTGAGE, LLC",24,2024
2549001E11O22GGBEL86,Prairie State Bank and Trust,307,2024
2549001SI0EMFPT39035,"Cornerstone First Mortgage, Inc",125,2024
2549002VH9C0PKB8K153,Logan Finance Corporation,57,2024
2549002W5VVAQ5IH5726,Goodfield State Bank,247,2024
254900378RFGMBEKAF12,Empeople Credit Union,475,2024
25490039MDCTJ7ZJ8204,Century Credit Union,4,2024
2549003K48UGTWEK6O31,SECURED INVESTMENT CORP.,131,2024
2549003SD8SH7JXN6S72,"First Bankers Trust Company, National Association",177,2024
2549003SYL72OG7Y6S21,Superior National Bank,3,2024
25490049BUGXLHXJZD76,The Credit Union For All,15,2024
2549004CU9LAM5CYA280,KWIK MORTGAGE CORPORATION,2,2024
2549004FXPNKCLIN8250,"Synergy One Lending, Inc.",170,2024
2549004O2ZT0HSAP5S70,First Independence Bank,3,2024
2549004XJQQPBYQSMT39,Quontic Bank,37,2024
2549004Z576VEJBK3N72,"NQM FUNDING, LLC",75,2024
2549005HG8EMM4748S60,Germantown Trust & Savings Bank,59,2024
2549005K0ZG1MFV3R260,Reliable Holdings Manager dba Lendz Financial,2,2024
2549005LG69OCBT9WE71,The Riddell National Bank,1,2024
2549005Q4HZ55QX7YC64,"Watermark Capital, Inc.",1,2024
2549005SIVTHG14U2905,A&D Mortgage LLC,196,2024
25490066WMF8ZMQXQB18,"Lendage, LLC",642,2024
2549006HGDHH72X1BE36,The Greenwood's State Bank,1,2024
2549006L3U88MNTL7K26,Stillman BancCorp N.A.,271,2024
25490076YOMAEM6W0N66,West Central Bank,168,2024
2549007AU24FVDMNUB40,Connexus Credit Union,190,2024
2549007IU6SKFLLNKZ07,PACIFIC LENDING LLC,1,2024
2549007JQKHU8KQ0FC19,"FIRSTTRUST HOME LOANS, INC.",218,2024
2549007JZSAICH4GZJ60,POINT MORTGAGE CORPORATION,572,2024
2549007LQQOUAPFNHY39,OPTIONWIDE FINANCIAL CORPORATION,6,2024
2549008684GZZI5B5H82,encurage financial network,41,2024
2549008CZOYIG4FIKS25,Forbright Bank,1,2024
2549008F85XOERURYW13,First Savings Bank of Hegewisch,75,2024
2549008LUH7QKMXQ8N53,Flanagan State Bank,409,2024
2549008TT6UNYR7AXF54,"Sunflower Bank, National Association",8,2024
25490099UNYWX2PZ4J91,"WNB FINANCIAL, N.A.",1,2024
2549009BJ1OZ4H7KTG46,Churchill Funding I LLC,39,2024
2549009PABKV8ZBDH619,CENTRAL CREDIT UNION OF ILLINOIS,59,2024
2549009SLV9L2AAN3089,Amalgamated Bank of Chicago,22,2024
2549009UITWIC4FV7F43,Residential Acceptance Corporation,2,2024
2549009X2AG1P20YAJ63,Axos Bank,26,2024
254900A1LV2U6NM10498,Archwest Funding,20,2024
254900A1UQKL3B7FJW54,Algonquin State Bank,17,2024
254900AD895KKZTSFT42,"MORTGAGE ASSURANCE, INC.",68,2024
254900AG9OLNQOYN9650,"Great Midwest Bank, S.S.B.",1,2024
254900ARL5FDX2OOH702,"SUPERIOR CREDIT UNION, INC.",1,2024
254900B5PW4JPZAQI721,Woodford State Bank,15,2024
254900B5Z0UM2W57TK83,Citizens First Bank,1,2024
254900B631B05UVLUA59,Concordia Bank & Trust Company,1,2024
254900B9B6TYYGLOXT47,Think Mutual Bank,28,2024
254900BBWJ82FQDQ6823,ABL RPC Residential Credit Acquisition LLC,73,2024
254900BDGU9FU91PQA51,The Union Bank Company,12,2024
254900BLPLW0LXHKFX20,Jersey State Bank,18,2024
254900BMXWPEHXG4LF21,"SmartFi Home Loans, LLC",3,2024
254900BX43CTU32Z6G15,Lindell Bank & Trust Company,11,2024
254900CHU7PX7ZS6RI74,State Bank,69,2024
254900CIEUZUO7CHPG88,COVANTAGE CREDIT UNION,133,2024
254900CN1DD55MJDFH69,University of Wisconsin Credit Union,146,2024
254900DJ8WC0BQHYR275,South Story Bank & Trust,1,2024
254900DNPJINSUKFZ002,NOTRE DAME FEDERAL CREDIT UNION CORPORATION,16,2024
254900DRSIZBQXDCJ875,"Easy Street Capital, LLC",3,2024
254900DSZI6CJXJL6Z14,"RPE Home, Inc",412,2024
254900DTLB5WWMBJAD86,Bank Five Nine,12,2024
254900DTLHVWQ7NP7R34,"THE LOAN STORE, INC.",1432,2024
254900E3R2YX26OH3128,HealthCare Associates Credit Union,324,2024
254900E6AIE4Z8YQM970,Citadel Servicing Corporation,300,2024
254900EKE4KU163TA318,American Broadcast Employees Federal Credit Union,4,2024
254900EZRN0CBEP77K34,State Department Federal Credit Union,48,2024
254900F3ZV3WV1ADSM47,MJW FINANCIAL LLC,7,2024
254900F9ZTVTX763V835,"Advisors Mortgage Group, L.L.C.",7,2024
254900FBWEZ3YUPOBN33,"LIMA ONE CAPITAL, LLC",141,2024
254900FBWHJU34E26I78,ACCUNET MORTGAGE LLC,9,2024
254900FFZUXK3B729T97,Deseret First Credit Union,2,2024
254900FI363837PZX856,"Midwest Heritage Bank, FSB",6,2024
254900FJRICL380R4T46,Leaders Credit Union,2,2024
254900FMBXF85WQYV433,Amalgamated Bank,9,2024
254900FTCNECUOWATD22,First FSB of Mascoutah,47,2024
254900G9TLX0Q50U7H04,PremierBank,1,2024
254900GXB4AVD3FPHO33,Investor Mortgage Finance LLC,71,2024
254900HA4DQWAE0W3342,"AMERIHOME MORTGAGE COMPANY, LLC",4829,2024
254900HEJ9F73IMPX887,"Tomo Mortgage, LLC",83,2024
254900HIDMT4ZG09RP47,CREDENCE FUNDING CORPORATION,18,2024
254900I68BOSEM149Q58,"ENCOMPASS LENDING GROUP, LP",10,2024
254900IEGKUDRDS23V26,"AAA CAPITAL INVESTMENT, INC.",33,2024
254900IU2EZH8TXNXE23,"StanCorp Mortgage Investors, LLC",2,2024
254900IUXHAK73AEH918,Bank of Frankewing,1,2024
254900J9O6LD52M7KM82,Cooperative Choice Network Credit Union,33,2024
254900JXCS783CPF1D02,"RCN Capital, LLC",504,2024
254900JZN2V0PWFMW808,AHL FUNDING,9,2024
254900KE9OJJUH139Q12,Byron Bank,221,2024
254900KI0CM65KPBM547,International Bank of Chicago,121,2024
254900KI7219LQKCI772,First Western Trust Bank,2,2024
254900KKWIJLOTNP7667,M&T REALTY CAPITAL CORPORATION,4,2024
254900KRDEAJ7MYWD034,BLOOMSDALE BANK,1,2024
254900KX4PZDHAK8I871,First Federal Savings Bank of Champaign Urbana,130,2024
254900L9ZR7FYE68H705,Citizens Community Bank,97,2024
254900LD3DEBFTITLD76,Farmers National Bank,104,2024
254900LGRONOY5BBXN36,"Premier Lending Alliance, LLC",1,2024
254900LIEBWBUKVDWP33,Du Trac Community Credit Union,39,2024
254900LP2WHZQ61VBS60,National Police Federal Credit Union effective,54,2024
254900LTD432L5CHIZ48,Home Mortgage Alliance Corporation (HMAC),37,2024
254900LXHR6OP0TSZ915,Circle Federal Credit Union,1,2024
254900M3DBBSBUPR5L27,R.I.A. Federal Credit Union,193,2024
254900MHEKUVX1BTCD10,Community State Bank,24,2024
254900MRLM780BDGSW97,IOWA TRUST & SAVINGS BANK,1,2024
254900N1AXKYPB987I06,Citizens Deposit Bank of Arlington Inc,1,2024
254900N4XMPM37K77D58,First State Bank and Trust,210,2024
254900N9T42X4VF8F740,Alliance Bank,3,2024
254900NT8VCCMPTPSO02,Collins Community Credit Union,4,2024
254900NTAC4H10MGSU23,Summit Credit Union,81,2024
254900NZOY3XB2DNSZ34,USALLIANCE FEDERAL CREDIT UNION,77,2024
254900O28OG3UMHXQY81,"Strong Home Mortgage, LLC",5,2024
254900O2K17TNH5CL873,"RF RENOVO MANAGEMENT COMPANY, LLC",794,2024
254900P681DTTH4I3144,Western State Bank,3,2024
254900P6Q7UI8DAKYX49,GuardHill Financial Corp.,1,2024
254900P7WLDQD9IUL038,Service Federal Credit Union,17,2024
254900PFOL1KDTRYWV11,New York University Federal Credit Union,1,2024
254900PJUWNEQ2VZTG49,Bank of Kampsville,29,2024
254900PKDTFIJ2XB1675,The Bank of Old Monroe,4,2024
254900PS2KU65ZEUOA41,American Community Bank of Indiana,9,2024
254900PST6LLDPCKSN83,North Shore Bank,59,2024
254900Q5026VQBAVI394,Community First,2,2024
254900Q9V3DYHBRTUH61,1st National Bank,1,2024
254900QNIR86GUIRYH95,"FlexPoint, Inc.",7,2024
254900QRD0ZXHH08TX87,"NETWORK FUNDING, L.P.",10,2024
254900R3GSQ9SP0VJU09,The Focus Federal Credit Union,1,2024
254900RAPDJZFI07WS81,Hometown National Bank,60,2024
254900RFZH9I62FGU045,"American Mortgage Bank, LLC",1,2024
254900RKKWUZX0NEH310,Community State Bank of Missouri,1,2024
254900RM3T6WAVE6SA24,AML FUNDING LLC,17,2024
254900RND4J0SY320F06,First National Bank,4,2024
254900RO87UFWPI72M63,First Community CU of Beloit,124,2024
254900RQX8N4HXJIDK44,FRANKLIN LOAN CORPORATION,2,2024
254900RUCO27MVGTO768,Loan Funder LLC,1836,2024
254900RZAKWEVNKBVY93,REGIONAL MISSOURI BANK,1,2024
254900S1MZBA1L5LZF88,Lufthansa Employee Federal Credit Union,1,2024
254900S293MIVH34PR45,North Side Federal Savings and Loan Association of Chicago,17,2024
254900S72Y8VX4GAD318,"First Community Bank of the Heartland, Inc",6,2024
254900SRBPINTG8V7N66,"Pike Bancorp, Inc.",61,2024
254900SUZ313OILKVD67,"Cazle Mortgage, Inc.",3,2024
254900T1NXF0ZR9PMX05,STREATOR ONIZED CREDIT UNION,186,2024
254900TG14TB8RKS3U42,"Filo Mortgage, L.L.C.",177,2024
254900TM81D0YC1B9584,Metro City Bank,9,2024
254900TO7P4MVLV70225,First National Bank of Brookfield,97,2024
254900TTZ395IC926125,"Sierra Pacific Mortgage Company, Inc.",134,2024
254900TY6UTJ321IPS13,Union Federal Savings and Loan Association,49,2024
254900U1OBL1MC6M6518,"MortgageCountry, LLC",1,2024
254900UAJ26M2YIF0822,Better Banks,170,2024
254900UD8AEXTVCVAF72,Transportation Federal Credit Union,7,2024
254900UHFHT3IWKY8K19,"Directions Credit Union, Inc.",1,2024
254900UISKR0QR32CI62,Itasca Bank & Trust Co.,34,2024
254900UKANDAKWQ7CR03,NORTHEAST SECURITY BANK,1,2024
254900UL88QFG0E40516,FIGURE LENDING LLC,2927,2024
254900UR7PKXXBLHG019,Homeland Mortgage Company,286,2024
254900V6GCDMRQZ34D96,LUXURY MORTGAGE CORP.,36,2024
254900V9842QPBGIO804,Honor Credit Union,6,2024
254900V9IPN94068J011,Members Alliance Credit Union,331,2024
254900VE4XTOQUE8NZ77,ICE LENDER HOLDINGS LLC,45,2024
254900VELJPWWT51WN03,General Mortgage Capital Corporation,72,2024
254900VGJ76Q9SD43C88,American Metro Bank,32,2024
254900VHR12KN8C3F913,"The Commercial and Savings Bank of Millersburg, Ohio",1,2024
254900VHUBSJJKOMBF27,"GOLDEN EMPIRE MORTGAGE, INC.",7,2024
254900WEP08K7U7S3A80,Nations Lending Corporation,310,2024
254900WEQ8ITQNQ9AQ74,"TOTAL QUALITY FINANCIAL, INC.",9,2024
254900WMFKWPLR3B4U63,Fidelity Bank,11,2024
254900WQCRCK13A7DC81,Fortera Federal Credit Union,1,2024
254900WT4HAMDFWH3048,"SOUTH RIVER MORTGAGE, LLC",11,2024
254900WTZC5SSKIN2M11,First National Bank of America,392,2024
254900XIJWVBUNAUBG18,Rock Valley Credit Union,132,2024
254900XX2FPZR1Y4FO11,Community Savings Bank,115,2024
254900Y4QCRHFQOGEU34,Ukrainian Selfreliance Federal Credit Union,1,2024
254900Y6EUNN0KGMJW67,Commercial Lender LLC,314,2024
254900YA1AQXNM8QVZ06,"WALKER & DUNLOP, LLC",41,2024
254900YAD0R5TBY92Y41,Northwestern Bank,1,2024
254900YB9XQDO5W4KU33,Radiant Credit Union,1,2024
254900YK0G0T2WULHK84,Midwest Bank,170,2024
254900YPMNKIA6O0HC78,Heritage Federal Credit Union,7,2024
254900YPPMV9UM5FUW09,Loansteady LLC,39,2024
254900ZELVKWROFNEC29,Ardent Federal Credit Union,2,2024
254900ZF5TG4BM7Y8P59,Wisconsin River Bank,1,2024
254900ZFWS2106HWPH46,"Paramount Residential Mortgage Group, Inc.",583,2024
254900ZOIZTP7ZF6AH17,"Resource Bank, National Association",117,2024
254900ZX1UPIG2E7TH11,"Assurance Financial Group, L.L.C.",5,2024
2I8LP0RLR14D1X6W0P51,"Schaumburg Bank & Trust Company, National Association",28,2024
2WHM8VNJH63UN14OL754,The Huntington National Bank,9743,2024
337KMNHEWWWR6B7Q7W10,MidFirst Bank,742,2024
38CFVD4YYFWD1FV7IM34,Nicolet National Bank,12,2024
3HICJPQ15PGZSBFDNJ82,"Crystal Lake Bank & Trust Company, N.A.",54,2024
3Y4U8VZURTYWI1W2K376,BMO Bank National Association,8210,2024
4EP6JBYBTPTQ47LZOB67,"BNY Mellon, National Association",13,2024
4LJGQ9KJ9S0CP4B1FY29,Stock Yards Bank & Trust Company,2,2024
54930000REMJYLBAS614,1NB Bank,31,2024
54930001LYHHRVGJ6B97,Cornerstone National Bank & Trust Company,98,2024
54930001NSTOD85LT125,"GUARANTEED RATE AFFINITY, LLC",1613,2024
54930002O9LLXKR6TF11,BAY-VALLEY MORTGAGE GROUP,15,2024
549300032FNX4IOT2T93,"Petefish, Skiles & Co.",465,2024
5493000349C5XXDRQX28,STG MORTGAGE INC,59,2024
549300038578ZJ284Y20,"SILVER HILL FUNDING, LLC",149,2024
54930008MKP7T81OVK54,FAIR WAY LENDING LLC,1,2024
549300095ABBENNWE160,BankTennessee,1,2024
5493000B61DDZ2PG1515,"TBK BANK, SSB",55,2024
5493000BIR9N6Y5KFV24,"CNB Bank And Trust, N.A.",465,2024
5493000D7DINI9PZN749,SCOTT CREDIT UNION,1087,2024
5493000EKZWTYZXUW582,First National Bank of Pana,166,2024
5493000EUC3MM52PJV85,CAKE MORTGAGE CORP.,15,2024
5493000F6NFDOVVZP043,"FIRST STATE MORTGAGE SERVICES, LLC",1277,2024
5493000H6DFDDJRORG89,"LADERA LENDING, INC.",98,2024
5493000IIYWBLONJVJ30,ROUNDPOINT MORTGAGE SERVICING LLC,41,2024
5493000JFVFQFL816N45,ENCORE BANK,5,2024
5493000KJ6VEEFTSNI20,Bank of Pontiac,251,2024
5493000M1X0MV8KPL945,Lineage Bank,1,2024
5493000NYUJT9UC6G261,LEADERONE FINANCIAL CORPORATION,770,2024
5493000OM9RKJW8W5K82,ALAMEDA MORTGAGE CORPORATION,58,2024
5493000TY1MM1LLTM666,Liberty Bank for Savings,273,2024
5493000XYE7QL54NMB52,United Community Bank,1696,2024
5493000YNV8IX4VD3X12,"VANDERBILT MORTGAGE AND FINANCE, INC.",861,2024
54930010ZG6EHTCJ1L21,"Old Plank Trail Community Bank, N.A.",69,2024
5493001141Z7CINOSB62,"LOANFLIGHT LENDING, LLC",6,2024
54930011HPXXLJN2D407,Byline Bank,26,2024
549300121SF0K2LN2804,"PRIMELENDING, A PLAINSCAPITAL COMPANY",705,2024
54930017CJWOENP0BZ82,SUNMARK CREDIT UNION,1,2024
54930019RBT2SM6CQS78,Starion Bank,3,2024
5493001E3OD1D4Y8KX63,"FIRST HERITAGE FINANCIAL, LLC",1,2024
5493001FKX0BM8GN6P73,Woori America Bank,2,2024
5493001GAASLCSP1PB64,"NATIONAL COOPERATIVE BANK, N.A.",10,2024
5493001GCBD5XGNIC815,Coastal Community Bank,3229,2024
5493001GDRY0EL7VG372,"ARK-LA-TEX FINANCIAL SERVICES, LLC.",635,2024
5493001JT9MT3Z3Y3M39,"RBC Bank, (Georgia) National Association",26,2024
5493001ONS27RG5HKB81,SouthernTrust Bank,110,2024
5493001SSNVCONGBH947,The First National Bank and Trust Company,131,2024
5493001SXWZ4OFP8Z903,"DHI MORTGAGE COMPANY, LTD.",1031,2024
5493001VM8PTR1KD2A32,MEMBER ONE,1,2024
5493001WHVQBGRSWEU75,"HOMEBRIDGE FINANCIAL SERVICES, INC.",264,2024
5493001X0T84TYRJ5Y59,"VISTA POINT MORTGAGE, LLC",8,2024
5493001XKL0FTNOJ0866,"GENEVA FINANCIAL, LLC",394,2024
5493001YIUWLFRXQUO81,Summit Mortgage Corporation,6,2024
5493001YLK9E8PF87B85,Vibrant Credit Union,5,2024
549300200TL6RMY5ZN25,The Bank of Brodhead,5,2024
549300217ZPIHWEYT887,MassMutual Federal Credit Union,1,2024
54930021DZJ9CEN11D61,Mortgage Right,27,2024
54930021WPEXNHYZUL09,"PLANET HOME LENDING, LLC",1946,2024
549300228GG3C6SV3C98,American Community Bank & Trust,31,2024
54930022CQGV47Q8PM03,"SERVIS ONE, INC.",6,2024
549300249G20MDIDRR27,"SOUTHWEST STAGE FUNDING, LLC",27,2024
54930025XJJO3T0M1A92,GEORGIA'S OWN,1,2024
549300278QYT0O65D265,COLORADO CREDIT UNION,4,2024
54930027H7CJF9GCDZ36,FORT FINANCIAL Federal Credit Union,1,2024
54930028J11BWKUVGX50,HARBORSTONE,1,2024
5493002B2O407LCTBX72,Coulee Bank,7,2024
5493002B2WMHY23GFK92,"AMERICAN FINANCIAL RESOURCES, INC.",191,2024
5493002C1SVHOFTWF108,AMERICU Credit Union,2,2024
5493002CAA1SKNHHUI24,Evergreen Bank Group,348,2024
5493002FSR6V2NM1K863,Citizens Bank,1,2024
5493002GOGIUXB84JB89,First National Bank of Waterloo,190,2024
5493002HQBP2ODIIFH94,CLARK COUNTY CREDIT UNION,1,2024
5493002JA8HUVL2CRT33,DEVELOPER'S MORTGAGE COMPANY,73,2024
5493002JDOI3GTNVUD76,German American Bank,21,2024
5493002L7I6EYKW3NG91,Blackhawk Bank & Trust,208,2024
5493002LPXKMOZNXUY90,First International Bank & Trust,1,2024
5493002N5OA6GM61AC70,Independence Bank of Kentucky,1,2024
5493002OMAT2S3H4OF48,OSB Community Bank,117,2024
5493002Q5MB21VG7B390,Republic Bank of Chicago,188,2024
5493002QP2ONO47G5R24,APCI Federal Credit Union,2,2024
5493002QRULT2T40BH09,COMMUNITYAMERICA CREDIT UNION,27,2024
5493002RF1ERFA2XR050,Renasant Bank,1,2024
5493002TJKC8NLH1ZP82,"MORTGAGEONE, INC.",11,2024
5493002WVA17MT4UFH84,"Griffin Funding, Inc.",2,2024
5493002Y5XYV7DV1ZV88,"GOLD STAR MORTGAGE FINANCIAL GROUP, CORPORATION",515,2024
5493002YXAOJOQPEGS38,"TruHome Solutions, LLC",30,2024
5493002Z2Z7DV758IU60,Bank of Clarke,1,2024
5493002Z4GZF8C2F3T27,STAR USA FEDERAL CREDIT UNION,9,2024
54930030Z1JWTP3SVD16,"TOP FLITE FINANCIAL, INC.",25,2024
549300323EON4W3CCM44,"RESICENTRAL, LLC",831,2024
54930032OCUOR526IR93,Peoples Bank,19,2024
54930032XJT9NQZ5I683,Royal Banks of Missouri,40,2024
54930034MNPILHP25H80,Gateway First Bank,65,2024
54930035X20L4YB6HD91,Warren-Boynton State Bank,112,2024
5493003617RJR4JUYT66,First Federal Savings Bank,311,2024
549300370QILXLFUWD20,"ZILLOW HOME LOANS, LLC",334,2024
54930037K28BC4GVBU20,"Town Bank, N.A.",1,2024
54930039IUN6515TBG78,US MORTGAGE CORPORATION,18,2024
54930039UO39UJGI7078,Towne Bank,1,2024
5493003B20KZ3DEZGB43,Royal Business Bank,60,2024
5493003B2LEGQHDWRN55,Hanscom Federal Credit Union,4,2024
5493003BXKRGHQHRJV38,ITHINK FINANCIAL Credit Union,2,2024
5493003DVQUF5HAI1O03,CORPORATE AMERICA FAMILY,123,2024
5493003EAJYUK1F8B139,Fortress Bank,229,2024
5493003GJY287GIWFH36,CME Federal Credit Union,1,2024
5493003GQDUH26DNNH17,Navy Federal Credit Union,3548,2024
5493003H8ECZKN77IZ88,Waukesha State Bank,3,2024
5493003IRCQIQ6T3QS04,First Midwest Bank of Dexter,1,2024
5493003JBN8UEVOU8O42,JEFFERSON FINANCIAL FEDERAL CREDIT UNION,2,2024
5493003K5GJU8VB60Z66,Williamsville State Bank & Trust,49,2024
5493003NV9L53LK1XI52,ROYAL PACIFIC FUNDING CORP.,42,2024
5493003P1OKUPLVJ7M37,State Bank of Graymont,23,2024
5493003Q218ZJ8R1WN88,Badger Bank,1,2024
5493003QF1L7XNSWRM19,Woodlands National Bank,4,2024
5493003SVUBV3VW5CT40,Farmers & Merchants Savings Bank,1,2024
5493003TK1BAOHHL6S92,ALLTRU FEDERAL CREDIT UNION,4,2024
5493003V40VGM7YDFM54,FIRST COLONY MORTGAGE CORPORATION,37,2024
5493003X0GM1DHJIWC22,CBI Bank & Trust,509,2024
5493003X6Y6JGJKHPA25,"INTERSTATE HOME LOAN CENTER, INC.",2,2024
5493003X9FWFI47DPO39,Gold Coast Bank,224,2024
5493003XL7HDGFTGQI87,Kentland Bank,13,2024
54930041S7CZYMJ4CH46,The First National Bank in Tremont,73,2024
54930043BMDE130FJ617,"PROVIDENT FUNDING ASSOCIATES, L.P.",561,2024
54930044OSTKOJMHF287,"Capital Bank, National Association",20,2024
549300461TECLDDGNF98,"GreenStone Farm Credit Services, FLCA",2,2024
54930047YAX7UHRKN043,NIZARI PROGRESSIVE FCU,1,2024
54930048P8RWCQHQM310,ARC HOME LLC,72,2024
54930049L5WINET09Q97,"Click n' Close, Inc.",341,2024
5493004AS1SPBQOFDR49,"Commerce Home Mortgage, Inc.",65,2024
5493004F7BXDIUFVPV87,STAR ONE Credit Union,3,2024
5493004G43JM6M5BFR40,"FAMILY FINANCE MORTGAGE, LLC",11,2024
5493004GTVF72J2WFE10,Illinois Community Credit Union,157,2024
5493004K0Z4RFJSPYT52,CONSUMERS COOPERATIVE CREDIT UNION,1505,2024
5493004LTLRA7Y5L3696,The Fisher National Bank,322,2024
5493004MWCDBCBTXE044,"Lake Forest Bank & Trust Company, N.A.",50,2024
5493004R423PBPM6A173,OCEANSIDE MORTGAGE COMPANY,18,2024
5493004RLLKTQS8K7U51,American Airlines Federal Credit Union,214,2024
5493004T9SQFCNRQ2L76,DELMAR FINANCIAL COMPANY,766,2024
5493004UNRG4PWDF2K60,AFFINITY,8,2024
5493004WMLN60ZJ2ON46,PULTE MORTGAGE LLC,842,2024
549300514215EBX5I696,Triad Bank,3,2024
54930052M48FOD3CWA54,"PRIMARY RESIDENTIAL MORTGAGE, INC.",58,2024
54930053KPO7OG48FP72,EVERENCE FEDERAL CREDIT UNION,11,2024
54930053SM8COVIPIY54,MICHIGAN STATE UNIVERSITY Federal Credit Union,61,2024
54930054ET8KM4O1D485,"SOFI BANK, NATIONAL ASSOCIATION",570,2024
54930059GZZ7G4G40O53,Primis Mortgage Company,1,2024
5493005A0757T9GRRI44,First Western Bank & Trust,1,2024
5493005DKMV1IHIM8E20,"Wilmington Savings Fund Society, FSB",90,2024
5493005EYZOUVJUXAX38,"Lakeview Community Capital, LLC",76,2024
5493005F145IP6JL7314,Community First Bank,1,2024
5493005HTCBH4TWCVM82,"MEMBERS MORTGAGE COMPANY, INC.",1,2024
5493005ICQ3QGEIWV618,UNITED MORTGAGE CORP.,9,2024
5493005ITNB06W8ZHD39,National Bank of St. Anne,105,2024
5493005JF6BKCN6OY689,FineMark National Bank & Trust,1,2024
5493005JPZ3LXXMB0S24,"FBC MORTGAGE, LLC",6,2024
5493005L8AW1CTD9HZ03,First Central State Bank,25,2024
5493005NU5BA00C1N451,ROSS MORTGAGE CORPORATION,36,2024
5493005OG185XV8M8N52,State Bank of Toulon,64,2024
5493005PD34O8ZT7QT17,"BPL MORTGAGE TRUST, LLC",539,2024
5493005PKOSG7MYX0B34,"Prosperity Home Mortgage, LLC",566,2024
5493005QZNPGRQNTRB15,Ipava State Bank,68,2024
5493005SBCJ71Z4XVY11,First Bank Chicago,9,2024
5493005T71YXBHEO2093,CREDIT UNION 1,1092,2024
5493005XMJQ1GSXUGT67,"Wolfe Financial, Inc",18,2024
54930061HIZ1MCMEOR72,"BankFinancial, National Association",43,2024
549300623VT8YKPHWM78,"ANCHOR LOANS, LP",34,2024
54930064FQE21RHEG647,EVERGREEN CREDIT UNION,1,2024
54930065B0NVUO52TY13,AmRes Corporation,95,2024
54930065PWY9N8KCRQ96,Baraboo State Bank,1,2024
5493006ACVE4WEX8D790,Bank of Deerfield,1,2024
5493006BN3B3B1H3B988,First Bank,1,2024
5493006EB8YM4CB8V697,REDBRAND Credit Union,33,2024
5493006FUC5WGWNUXC12,1st Community Credit Union,1,2024
5493006HFDG31YJ3MM36,"MYCUMORTGAGE, LLC",37,2024
5493006IBJS6XC0DFJ29,"The Peoples State Bank of Newton, Illinois",100,2024
5493006JISETNI0GLE61,Farm Credit Mid-America,73,2024
5493006MA7WP1WL8U431,VALLEY STRONG CREDIT UNION,1,2024
5493006P0JVBBAHVXV08,National Exchange Bank and Trust,2,2024
5493006P5IHSK77SZ855,"SOUTHWEST FUNDING, LP",12,2024
5493006RIR31ORKYB608,"LAND HOME FINANCIAL SERVICES, INC.",44,2024
5493006S21NZTF9Y1L04,Farmers & Merchants State Bank,1,2024
5493006TY8FGNLX44X28,"AXIA FINANCIAL, LLC",43,2024
5493006VAGP3GQ8FJT49,"Kiavi Funding, Inc.",469,2024
5493006VCMZ998IGOO33,NATION ONE MORTGAGE CORPORATION,1,2024
5493006ZBGVXBAMCRG16,Florida Credit Union,1,2024
54930072OCHTUJOZQB56,Liberty,116,2024
5493007669OVCSCATP45,TENNESSEE VALLEY FCU,1,2024
54930076PACNHY6U9F09,BP Federal Credit Union,1,2024
54930077D8KXQADF5Q23,"GVC MORTGAGE, INC.",9,2024
54930077O97ZNP1ECH16,MORTGAGE SOLUTIONS LLC,13,2024
54930078TNN7GKZ7NU89,"Presidential Bank, FSB",5,2024
5493007BMZRJFTKKNV74,Bank of Calhoun County,34,2024
5493007CLWQN2S6IZK91,"Armed Forces Bank, National Association",33,2024
5493007DIB8YPDM6NR52,MARINE CREDIT UNION,89,2024
5493007I0X1GRWIU8B34,AMERICA FIRST Federal Credit Union,4,2024
5493007IES1RWVUDDU23,Guaranty Bank,2,2024
5493007KYI3BO5LTXF79,Meridian Trust Federal Credit Union,2,2024
5493007L4GYNO2PUBS09,"MEMBER FIRST MORTGAGE, LLC",167,2024
5493007LUU2DLS755O60,Centra Credit Union,8,2024
5493007NQFYTLJ0O4M47,DECATUR EARTHMOVER CREDIT UNION,133,2024
5493007O5KJGDP4CB858,"Eastern Savings Bank, FSB",2,2024
5493007OXXFLNNHTW637,ASSEMBLIES OF GOD Credit Union,4,2024
5493007TLZJ73TKCO730,MERCHANTS CAPITAL CORP.,5,2024
5493007WZXR2YE227I23,"Blue Ridge Bank, National Association",3,2024
5493007XXF5AWOEWTU94,Mutual Federal Bank,23,2024
5493007Z7FTUKQGFMZ98,GREYSTONE SERVICING COMPANY LLC,26,2024
54930080168VA6Z8UX21,TOWER Federal Credit Union,119,2024
54930084WKZ9NTQ0QS94,Iroquois Federal Savings and Loan Association,254,2024
5493008CPTDVOS570626,Third Federal Savings and Loan Association of Cleveland,1170,2024
5493008E4KBJCB6UKR64,"DATA MORTGAGE, INC.",160,2024
5493008JUW0FLRMO0W64,M SQUARED FINANCIAL LLC,6,2024
5493008L7BNNEPSS6V79,Citizens State Bank of La Crosse,1,2024
5493008LTXJSUQBJKO24,AFL CIO EMPLOYEES FEDERAL CREDIT UNION,2,2024
5493008MLNFTWNSBXB88,St. Louis Bank,10,2024
5493008NWHQT1R22C024,"AMERICAN FINANCIAL NETWORK, INC.",509,2024
5493008OE5JXNTGWD962,The First Bank,1,2024
5493008OT4ENLBQE0648,Eureka Savings Bank,167,2024
5493008P6YO2KM3EO556,The Dart Bank,4,2024
5493008PQSMR41Y70C36,"AMERANT MORTGAGE, LLC",37,2024
5493008RSN6F31BTGT93,Gulf Coast Bank and Trust Company,2,2024
5493008SP1FN4D81IS17,Toyota Financial Savings Bank,17,2024
5493008VCYW25D52ZC98,"ARK MORTGAGE, INC.",31,2024
5493008VVXQIDO1EZ460,"SUMMIT FUNDING, INC.",275,2024
5493008XX3NZ5S384W16,U. T. Federal Credit Union,1,2024
5493008ZTV4S0W9DCX64,"GENWAY HOME MORTGAGE, INC.",22,2024
54930091CYUK2SDZ6D37,"PFN Lending Group, Inc.",30,2024
54930091IM32ECQG7562,Peoples Bank and Trust Company,1,2024
54930091JQKCU3Z6IP44,"LENDINGONE, LLC",271,2024
54930098WTIWNSB1OV47,Community State Bank,1,2024
54930099BVD0E448JX38,Arbor Bank,1,2024
5493009B17HXCVXTD608,"JMAC LENDING, INC.",111,2024
5493009BD405QQTMXO12,TOLL BROTHERS MORTGAGE COMPANY,33,2024
5493009D2COWW65B8673,NORTHROP GRUMMAN Federal Credit Union,43,2024
5493009KSPF2426CPQ08,CROWN MORTGAGE COMPANY,97,2024
5493009XSE00M8B9R434,"COUNTRYPLACE MORTGAGE, LTD.",23,2024
5493009Y8ROUG903AQ21,STANFORD Federal Credit Union,3,2024
549300A03BP6F4DI7N56,GCS Credit Union,246,2024
549300A0SVCQJPHVGV20,ALTRA Federal Credit Union,2,2024
549300A5HHOL2ED18C72,AMERITRUST MORTGAGE CORPORATION,73,2024
549300A68YW07V5R5G22,FUNDLOANS CAPITAL,4,2024
549300A81K8K8KJR9759,"PyraMax Bank, FSB",2,2024
549300AENO88GEUWCZ39,"Luminate Home Loans, Inc.",361,2024
549300AEULLVYD8L9B04,BARINGS MULTIFAMILY CAPITAL LLC,2,2024
549300AG10BX85DF5S49,MLD MORTGAGE INC.,774,2024
549300AG64NHILB7ZP05,"Loandepot.Com, LLC",6116,2024
549300ALNLUNS3Y53T24,AMERICAN FINANCING CORPORATION,434,2024
549300ANF834QIIFUE57,"A & N MORTGAGE SERVICES, INC.",1162,2024
549300AOB4S7B0DB7863,JUSTICE Federal Credit Union,18,2024
549300AQ3T62GXDU7D76,GUILD MORTGAGE COMPANY,3406,2024
549300AQ83ZR1PW5DB53,"American Bank and Trust Company, National Association",135,2024
549300AQN2CY1MGE3J02,UNIVERSITY OF MICHIGAN CREDIT UNION,2,2024
549300AR4BCLQFU47165,I. H. MISSISSIPPI VALLEY CREDIT UNION,828,2024
549300ASFUWYQO0RW077,"ARBOR REALTY TRUST, INC.",19,2024
549300AT7EB9FJAF0E61,Old National Bank,3494,2024
549300AUFLERO59VGC71,"Home State Bank, National Association",301,2024
549300AV8QD552DSI743,"NORTHMARQ CAPITAL FINANCE, L.L.C.",2,2024
549300AX5UMUZ61L1X54,UTILITIES EMPLOYEES CREDIT UNION,16,2024
549300B2JJHSM77T5Y41,LIBERTY HOME MORTGAGE CORPORATION,37,2024
549300B4IYL7TZT8FA34,"PREMIER MORTGAGE RESOURCES, L.L.C.",167,2024
549300B6UWNP01JH6452,Sauk Valley Bank & Trust Company,229,2024
549300B8C23BCNGJ4960,COMMUNITY BANC MORTGAGE CORPORATION,382,2024
549300B92DSVIKGP5T53,Hoyne Savings Bank,69,2024
549300BBKMRS6J0CB539,AMERICAN PORTFOLIO MORTGAGE CORPORATION,490,2024
549300BEM32ZRV7MJ178,Southside Bank,1,2024
549300BEXTNMA3CARO05,Financial Federal Bank,1,2024
549300BF788YRGP1OB53,COAST ONE MORTGAGE LLC,6,2024
549300BGIT0LFI12Z304,"Security Bank, s.b.",64,2024
549300BK51FTOVBDMC15,The Bradford National Bank of Greenville,159,2024
549300BKCQISE9PR4J88,TOWN & COUNTRY FEDERAL CREDIT UNION,1,2024
549300BLL6VL7AXWYP56,CHURCHILL MORTGAGE CORPORATION,156,2024
549300BM59EMYEJ5Q179,The Fountain Trust Company,4,2024
549300BNZVNK1XN85P72,American State Bank,2,2024
549300BO5UTSDB76V724,The Havana National Bank,31,2024
549300BOXNV8VLRBDT24,"AMERICAN INTERNET MORTGAGE, INC.",30,2024
549300BRLQAIJ1LJA253,"Bank First, N.A.",3,2024
549300BSTNYSV3EWYM24,Regent Bank,1,2024
549300BTD4RDILZY5V14,HTLF Bank,139,2024
549300BX448ALT10FI43,The Federal Savings Bank,1922,2024
549300BXWU32AYWT1A56,UIF CORPORATION,233,2024
549300BY08MY8QNSPU50,Bank of Belleville,87,2024
549300C04BJ0G297NC13,Ally Bank,221,2024
549300C1ICNCM0V37Y02,"First State Bank of St. Charles, Missouri",29,2024
549300C1KJJH2Y73E274,Lisle Savings Bank,143,2024
549300C232ZWY1I57C16,WESCOM CENTRAL CREDIT UNION,1,2024
549300C3C8C6TSYT1R20,Whitaker Bank,1,2024
549300C4J510S9L1RF98,"Alerus Financial, National Association",2,2024
549300C6TQAJABMFOR79,MICHIGAN FIRST CREDIT UNION,2,2024
549300C8GOC4OYUV0Z32,"DOMINION FINANCIAL SERVICES, LLC",110,2024
549300CB67L6KPJLHE19,"TRIAD FINANCIAL SERVICES, INC.",1227,2024
549300CCELEPUO4TOE73,West Community Credit Union,14,2024
549300CDOC4F7XSRG390,Pinnacle Bank,5,2024
549300CEHN5CVC6INV48,The Park National Bank,1,2024
549300CF5UDGUFHYM827,CapStar Bank,1,2024
549300CG5TM73650DH84,CHRISTIAN COMMUNITY CREDIT UNION,7,2024
549300CK7U1WMTIG6687,HIGHTECHLENDING INC,6,2024
549300CKG3JGNHH34D61,CARTER FEDERAL CREDIT UNION,1,2024
549300CLRXFVF83ZL806,"NATIONWIDE MORTGAGE BANKERS, INC.",42,2024
549300CN50N3250U7V79,"PERFORMANCE EQUITY PARTNERS, INC.",146,2024
549300COR6KN4QP42U93,CORNERSTONE CREDIT UNION,91,2024
549300CP7747DCRW6U68,Carrollton Bank,715,2024
549300CQG2T7TCGY8Q67,First State Bank,447,2024
549300CR5XDK0TP7I727,"OPEN MORTGAGE, LLC",61,2024
549300CS1XP28EERR469,One Community Bank,4,2024
549300CSKW4TNZHEOO36,Buena Vista National Bank,184,2024
549300CTISSNREVLNO46,Bank of Tennessee,2,2024
549300CUUEEQ66ZVK149,"ENDEAVOR CAPITAL, LLC.",547,2024
549300CVK4UVTLHJ0R80,"American Bank & Trust Company, Inc.",1,2024
549300CW5TQ2ILVQPH09,The FNB Community Bank,113,2024
549300CY7WNAHKHYSJ73,"CORNERSTONE CAPITAL BANK, SSB",7,2024
549300D064PXOX5JP483,Mid-Missouri Bank,1,2024
549300D2OYT7VTDY6Z20,ANDREWS FEDERAL CREDIT UNION,19,2024
549300D4P7FB9UH6CL48,Illinois State Police Federal Credit Union,14,2024
549300D4ZYLSQ5LMTV35,ABSOLUTE HOME MORTGAGE CORPORATION,6,2024
549300DCGBXW5FJMV921,"NMSI, INC.",31,2024
549300DD4R4SYK5RAQ92,"MOVEMENT MORTGAGE, LLC",559,2024
549300DD5QQUHO6PCH70,"Mortgage Research Center, LLC",5114,2024
549300DDLYW49R2HCV81,EASTMAN CREDIT UNION,7,2024
549300DE8TS4EYTPX729,"AFFORDABLE MORTGAGE ADVISORS, LLC.",270,2024
549300DFV63SJPNIII97,HomeBank,82,2024
549300DH8EI64ITBY388,"PGIM REAL ESTATE AGENCY FINANCING, LLC",5,2024
549300DI1T4KP9NPFQ75,Industrial Federal Credit Union,1,2024
549300DKYWYDD1KM2515,SISTAR MORTGAGE,48,2024
549300DL7AWRPX6NXO12,"American Commercial Bank & Trust, National Association",213,2024
549300DM6DAOPSF8HL78,"Grand Bank for Savings, FSB",24,2024
549300DMHEHNYZ2OLB41,First United Bank and Trust Company,7,2024
549300DNP4W96HB6LV07,Sterling Bank,3,2024
549300DNRGCN05KNA737,First State Bank of Forrest,255,2024
549300DNWSJUNAWUM003,"CREDIT UNION MORTGAGE ASSOCIATION, INC.",82,2024
549300DPRWSBUY619V27,Simmons Bank,6,2024
549300DPWFIO1S3DF358,First Federal Savings and Loan Association of Lakewood,7,2024
549300DQLGJ1YQRRHH73,Southwest Airlines Federal Credit Union,20,2024
549300DRA4BDXW23LD45,"Servion, Inc.",100,2024
549300DT7CCDCC7O6Z60,KEYPOINT Credit Union,1,2024
549300DT7WZ1SOTNFJ62,First Bank,63,2024
549300DUTN4RUBI81Z18,Lakeside Bank,71,2024
549300DW87L2IZ7ZHF47,"MLB RESIDENTIAL LENDING, LLC",25,2024
549300DWS85AHLUZHB50,Quad City Bank and Trust Company,83,2024
549300DX0B304LAKUN93,JLB CORPORATION,78,2024
549300DYB1ZT3UOGPL20,PHILADELPHIA FEDERAL CREDIT UNION,1,2024
549300DYVAMYTMH9UV09,"FIRST EAGLE BANCSHARES, INC.",74,2024
549300DZIK106MY5NI60,Solera National Bank,3,2024
549300E06ZGS1I3URI95,VANTAGE Credit Union,23,2024
549300E0S1LZYZ9QNX81,"First Financial Bank, National Association",379,2024
549300E2UX99HKDBR481,"Broker Solutions, Inc.",5734,2024
549300E3X7YDJIUENL65,NUMARK CREDIT UNION,916,2024
549300E8HNQO52YYHI82,American Security Mortgage Corp.,2,2024
549300EC7M6N4U9DR727,The First National Bank of McGregor,1,2024
549300EES32R2VOEK894,Bankers' Bank,91,2024
549300EFCZM6KD6B8K69,MORTGAGE ACCESS CORP.,36,2024
549300EHWBP6UP4Y8J37,"PLUS RELOCATION MORTGAGE, LLC",5,2024
549300EIFFC31EZH1D93,Prairie Community Bank,31,2024
549300EJVZTLWGR61E96,Thumb Bank and Trust,1,2024
549300EKCKDF80ZM4V51,COLLIERS MORTGAGE LLC,1,2024
549300EKFFG3BU8DNX74,NEXERA HOLDING LLC,274,2024
549300EL87GZMCVX0Q34,"BOND STREET MORTGAGE, LLC",1,2024
549300ELLMUEKP1JHB70,INSTAMORTGAGE INC.,1,2024
549300ELXS6PBT8OEE44,Air Academy Federal Credit Union,1,2024
549300EM8ID8J7F8OM55,"First Heritage Mortgage, LLC",7,2024
549300EMGY2NJUW3A749,PACOR MORTGAGE CORP.,236,2024
549300EMNDEK4BA8WB53,EMM LOANS LLC,47,2024
549300ENNFGLHCMQ1U82,Guardian Savings Bank,3,2024
549300EQED7LF41GHV46,"AMERICAN BANCSHARES MORTGAGE, LLC",2,2024
549300EWFHPBZH38K695,"COMPEER FINANCIAL, FLCA",297,2024
549300F04B6FGYBJY412,First State Community Bank,4,2024
549300F08RTZA4O1LF12,Grundy Bank,238,2024
549300F175WFRUKLMG10,INDIANA UNIVERSITY CREDIT UNION,3,2024
549300F570XAWYN8Z237,Bank of Hope,11,2024
549300F6Y1YO2YXN6135,REDWOOD RESIDENTIAL ACQUISITION CORPORATION,105,2024
549300F7S6KEMTKK0546,"Extraco Banks, National Association",1,2024
549300F8C5JA44WNMI75,AMERICAN NEIGHBORHOOD MORTGAGE ACCEPTANCE COMPANY LLC,172,2024
549300FGXN1K3HLB1R50,"Rocket Mortgage, LLC",13389,2024
549300FK3AFCFVAPH234,"Leader Bank, National Association",15,2024
549300FKEPZ2QELUY416,Builder Finance Inc.,2,2024
549300FNXYY540N23N64,NEWREZ LLC,8293,2024
549300FOO7XNZ1564N12,"Beverly Bank & Trust Company, N.A.",57,2024
549300FQ2SN6TRRGB032,FNBC Bank & Trust,76,2024
549300FRF7HYNM1S7Y12,FirstBank Southwest,1,2024
549300FS35FQXZRU4Z45,EDUCATORS CREDIT UNION,37,2024
549300FSZH0FMQ1T8Y90,IOWA BANKERS MORTGAGE CORPORATION,34,2024
549300FUMS21JPQM1N03,FOX COMMUNITIES Credit Union,2,2024
549300FVD3YHE65PKH97,"PANORAMA MORTGAGE GROUP, LLC",195,2024
549300FWYXJ79KO49290,UNIFY FINANCIAL Credit Union,16,2024
549300FX3J95NB1UTP88,Alliance Community Bank,304,2024
549300FX7K8PTEQUU487,PENTAGON FEDERAL CREDIT UNION,595,2024
549300FZJCP0WM3QJH15,Peapack-Gladstone Bank,1,2024
549300G2EZKPVQQ0D852,The Hometown Savings Bank,10,2024
549300G4ESSS6M0MEG51,"OriginPoint, LLC",153,2024
549300G4JDIJPBEO8J84,GENHOME MORTGAGE CORPORATION,28,2024
549300G5DVGM0ZHRQC33,CLEARPATH LENDING,14,2024
549300G5ZQEXZC4Y5G44,UNIVERSITY CREDIT UNION,1,2024
549300GDJSUYPH6UC416,"WaterStone Bank, SSB",2,2024
549300GIVX5W7UETD809,AMERICAN FIRST CREDIT UNION,2,2024
549300GKFNPRWNS0GF29,"CMG MORTGAGE, INC.",837,2024
549300GL7DLQR39MW179,HERITAGE GROVE Federal Credit Union,1,2024
549300GN85R5S1V3SJ96,"KEMBA CREDIT UNION, INC.",2,2024
549300GNIV169ZIHU012,BERKADIA COMMERCIAL MORTGAGE LLC,16,2024
549300GQDT484LGI9C04,NETWORK CAPITAL FUNDING CORPORATION,35,2024
549300GRGZDEH4ZGQS06,Waterstone Mortgage Corporation,184,2024
549300GS0W0TEUQS8571,"Morgan Stanley Private Bank, National Association",483,2024
549300GS6ONO04ORI292,Willamette Valley Bank,3,2024
549300GSCUJKJINRJ980,"RUOFF MORTGAGE COMPANY, INC.",106,2024
549300GSYIBSO9N4PB10,CONSUMERS CREDIT UNION,1,2024
549300GTVXJ2PGXNLM73,T2 FINANCIAL LLC,467,2024
549300GWD9H4FQ2VR805,UBS Bank USA,81,2024
549300GWJ5O0AQLJKV83,FINANCIAL PLUS CREDIT UNION,162,2024
549300GY0I1WYYWYFS47,Providence Bank & Trust,106,2024
549300GY4NTTEM7WWB64,Bank of England,42,2024
549300GY97XGRF7XZO52,TEXANS,2,2024
549300GYQ8ZT1NUXRM52,WESTERRA CREDIT UNION,1,2024
549300H12E7AUMUHP294,"FIRST ALLIANCE HOME MORTGAGE, LLC",21,2024
549300H1I95THVU5ZB04,BankVista,1,2024
549300H3IZO24NSOO931,"LENNAR MORTGAGE, LLC",1132,2024
549300H68PK1CZUVUQ73,GENERAL ELECTRIC EMPLOYEES FEDERAL CREDIT UNION,1,2024
549300H8JJI69WD7I525,Civista Bank,2,2024
549300HC0CLTNVGA0H76,River Region Credit Union,1,2024
549300HC145ABINEFL26,Municipal Trust and Savings Bank,201,2024
549300HCNXMTNGIMAR91,United Nations Federal Credit Union,8,2024
549300HD2NONVMCRN332,"HALLMARK HOME MORTGAGE, LLC",5,2024
549300HECWJMBMVQ1V28,Bank Of Farmington,53,2024
549300HFBEONQN2CK447,Union Savings Bank,10,2024
549300HGDJQ37M5BE268,"INB, National Association",1082,2024
549300HINJH60UG3KG47,BERKELEY POINT CAPITAL LLC,1,2024
549300HIVO8XPBPNVG69,NOVA FINANCIAL & INVESTMENT CORPORATION,3,2024
549300HMKAPEK7YMHY76,"PLANET MANAGEMENT GROUP, LLC",3,2024
549300HN58ONH5KNJJ12,"THOMPSON KANE & COMPANY, INC",43,2024
549300HPQK71BCBQVT93,HUGHES FEDERAL CREDIT UNION,1,2024
549300HR2TLJ7IGFMV18,Blue Grass Savings Bank,22,2024
549300HRLROF7PLJ6735,CLEAREDGE LENDING LLC,49,2024
549300HSB39FXRFMW540,"RUHL MORTGAGE, LLC",167,2024
549300HTMO7FGRKRLV06,"CLIFFCO, INC.",34,2024
549300HVW3AI97UKTO72,Wings Financial Credit Union,31,2024
549300HW662MN1WU8550,"UNITED SHORE FINANCIAL SERVICES, LLC",12155,2024
549300HWFLUA8V78OT27,The Peoples Community Bank,1,2024
549300HXQLIV5UBQEF05,Community Partners Savings Bank,227,2024
549300HZMPZC336WP721,The Bank of New Glarus,23,2024
549300I0ICF6REKHOC74,"DIRECT MORTGAGE LOANS, LLC",72,2024
549300I1HK1BBZLKOB84,ADVANCIAL CREDIT UNION,7,2024
549300I3HDJ5QJNFPZ87,AMERICAN FINANCE HOUSE LARIBA,15,2024
549300I3LFY4G7F9CE90,CPM Federal Credit Union,1,2024
549300I67S0IYUQWFJ07,NEIGHBORS Credit Union,21,2024
549300I7G0WB7Z0BCX80,FIRST EAGLE,6,2024
549300IBT3SCF2K09D58,"CBRE MULTIFAMILY CAPITAL, INC.",3,2024
549300ID4RCRD8BXYH30,"ResMac, Inc.",3,2024
549300IEIM2IT5YK4368,First Community Bank,1,2024
549300IFAGUDY5MUY541,AIM Credit Union,9,2024
549300IFOE4SCP384147,University Bank,19,2024
549300IJO7NO6VDZPD35,"THE MORTGAGE LINK, INC.",113,2024
549300IKS3MMB5YK6T18,KINECTA,6,2024
549300INFJ8TYNZ1G568,"Charles Schwab Bank, SSB",143,2024
549300INKSPQCTELMO58,Granite Bank,24,2024
549300IQ5NY7CSJLZW53,First Bank & Trust,1,2024
549300IRXW9RSZM2B951,Evolve Bank & Trust,3,2024
549300ISCZS1R0CJMO47,"Premia Mortgage, LLC DBA Premia Relocation Mortgage",56,2024
549300IWE0Y507LPF493,MORTGAGE 1 INCORPORATED,5,2024
549300J3YLW53W0K4T67,"CENTENNIAL LENDING, LLC",1,2024
549300J4330IBZ0BBI43,ALL IN FEDERAL CREDIT UNION,7,2024
549300J6N77Q8OHYNF23,"ENVOY MORTGAGE, LTD",241,2024
549300J7I82PNDVU8H22,"OCMBC, INC.",692,2024
549300JE6M4A1G4LPS75,The Bank of Missouri,11,2024
549300JGK6WNKYXQ0821,ATLANTA POSTAL,5,2024
549300JGMQJ4R419LR70,"LUMENT REAL ESTATE CAPITAL, LLC",49,2024
549300JKR164SLNO6Y85,"NATIONS RELIABLE LENDING, LLC",93,2024
549300JKZP45L168QC29,Bank of Gibson City,42,2024
549300JMCI45DZ4YNK98,TrustBank,99,2024
549300JMT2KAYN9PTX82,"Members Mortgage Services, L.L.C.",2,2024
549300JPGMCMBEJEK584,DIGITAL,204,2024
549300JQALY53TH22D13,"JONES LANG LASALLE MULTIFAMILY, LLC",2,2024
549300JRDBJ5RPA6TY76,Holcomb Bank,153,2024
549300JRDGV1559XM376,"CASTLE & COOKE MORTGAGE, LLC",3,2024
549300JUU7PS6Y4KM909,West-Aircomm Federal Credit Union,1,2024
549300JY7AI2T0M8WT17,LAND OF LINCOLN CREDIT UNION,47,2024
549300JYXTZDSPJEPI44,"PLAZA HOME MORTGAGE, INC.",853,2024
549300K25LF5SIJKLD23,Gateway Bank,1,2024
549300K35KPBBS2J9A28,Peoples National Bank of Kewanee,66,2024
549300K3JILC7UMYWR39,Hiawatha National Bank,1,2024
549300K4ZLGS7SRDTL86,Equity Prime Mortgage LLC,473,2024
549300K6K2IS7FRS7S09,"North American Savings Bank, F.S.B.",15,2024
549300K7224BC1IAX207,MIDFLORIDA,1,2024
549300KBWX4NV5Q1E376,"NVR Mortgage Finance, Inc.",417,2024
549300KER3YVZ3U5RK57,VERIDIAN CREDIT UNION,15,2024
549300KGMXCXMVC0BO47,FREEDOM FIRST Federal Credit Union,1,2024
549300KH5RQTNDNNHM28,The First National Bank of Carmi,26,2024
549300KHXD7JSQUZIJ22,"HIGHLANDS RESIDENTIAL MORTGAGE, LTD.",38,2024
549300KILAW2M87QR043,INDIANA STATE UNIVERSITY FEDERAL CREDIT UNION,3,2024
549300KIOYNU323LVJ37,AMERICAN PACIFIC MORTGAGE CORPORATION,2969,2024
549300KJ8PAJ7E52HG32,Plains Commerce Bank,229,2024
549300KJKBXR3PD3QQ56,RAPID MORTGAGE COMPANY,4,2024
549300KM40FP4MSQU941,Boeing Employees Credit Union,25,2024
549300KPBZCTMM3Y0061,NASA Federal Credit Union,13,2024
549300KPHGEE40YQXO21,FARMERS INSURANCE GROUP FEDERAL CREDIT UNION,24,2024
549300KQHWNSVCE2MY88,"SIRVA MORTGAGE, INC.",51,2024
549300KQQRECSLK8ID57,"STAUNTON FINANCIAL, INC.",2,2024
549300KR4ZW8KJC82O47,Community First National Bank,2,2024
549300KRHOMDHAKS8L29,SHARONVIEW FEDERAL CREDIT UNION,2,2024
549300KSOOZZVXCMA627,ANGEL OAK MORTGAGE SOLUTIONS LLC,134,2024
549300KST6N97GYH0O45,Susser Bank,1,2024
549300KTBKVRBY302A16,"Bank of Hillsboro, National Association",262,2024
549300KTI1WVD92EAK75,Farmers State Bank of Hoffman,24,2024
549300KTR1JGH3K6LU06,Bethpage Federal Credit Union,340,2024
549300KUIZTYQRC0R888,Heritage Bank National Association,8,2024
549300KUYF5QOROM7N37,ESL Federal Credit Union,3,2024
549300KW3HYVC06WS898,Paramount Bank,121,2024
549300KW705BBINDIZ26,TIB National Association,7,2024
549300KWKWPEKL40WD44,AMERICAN FEDERAL MORTGAGE CORPORATION,40,2024
549300KX2KT8MOAS5Q71,"State Bank of the Lakes, N.A.",35,2024
549300KX4S1573HISS22,OAKTREE FUNDING CORP.,79,2024
549300KX6E1IE2LM5E30,"FLYHOMES MORTGAGE, LLC",3,2024
549300KY533JFETOYG46,Landmark Credit Union,10,2024
549300KZRQ03T8H2Y769,Community Trust Credit Union,52,2024
549300KZVCKCUN23YY80,Consolidated Federal Credit Union,1,2024
549300L6BONVKN6UXC26,PARDA Federal Credit Union,8,2024
549300L7HZ4C5U35BO37,INTOUCH CREDIT UNION,2,2024
549300L8JRY60EOROT34,FCB Banks,1490,2024
549300L8ZRL1FNUUOA59,"READYCAP COMMERCIAL, LLC",1,2024
549300L9MOPDT0NKE883,"Fidelity Bank, National Association",10,2024
549300LBCBNR1OT00651,NATIONSTAR MORTGAGE LLC,5259,2024
549300LE3ZOZXUS7W648,FIDELITY BANK,1,2024
549300LFHSPQF8FQR548,Actors Federal Credit Union,1,2024
549300LG07PXWSIMC813,TRUSTONE FINANCIAL CREDIT UNION,3,2024
549300LG8MECYD8F2A55,American National Bank & Trust,1,2024
549300LI3FDGO7UKFF39,EAST COAST CAPITAL CORP.,9,2024
549300LI5KT42YX5L588,FIRST NORTHERN Credit Union,514,2024
549300LIZH7VW4DFJK44,Chickasaw Community Bank,3,2024
549300LLESTPOVRG3X73,Farmers Bank & Trust,99,2024
549300LLKEKXL2RM1F61,CONTOUR MORTGAGE CORPORATION,11,2024
549300LLQD0X2OTG0Y27,"Home Loan Investment Bank, F.S.B.",49,2024
549300LO3MP4RAI32X70,First Bank,1,2024
549300LP0CV2MNC1GV68,"Academy Bank, National Association",4,2024
549300LP3GMTWS4OB353,"SENTE MORTGAGE, INC.",1,2024
549300LROQOOQU77WS20,"LENOX FINANCIAL MORTGAGE CORPORATION, Sage Home Loans Corporation",124,2024
549300LTSES0DE01Z405,Dieterich Bank,301,2024
549300LU6Y2TXG48QY48,RANDOLPH-BROOKS FEDERAL CREDIT UNION,1,2024
549300LUF8JLB9HKT321,Warsaw Federal Savings and Loan Association,6,2024
549300LXKO1O7CSK5J52,"FLAT BRANCH MORTGAGE, INC.",1973,2024
549300LYRWPSYPK6S325,FREEDOM MORTGAGE CORPORATION,5528,2024
549300LZLYU85WF65870,MidWestOne Bank,26,2024
549300LZUXCJFE5ONM48,TRADITIONAL MORTGAGE ACCEPTANCE CORPORATION,6,2024
549300M8WGW2D17CZD19,"GARDNER FINANCIAL SERVICES, LTD.",3,2024
549300MCIFZSDHUT8X63,"NFM, INC.",77,2024
549300MCPCNPQAOB4032,GMFS LLC,374,2024
549300MD1OK70DH5EZ47,University of Illinois Community Credit Union,148,2024
549300MGDBENMLUYMI91,Community Bank of Trenton,73,2024
549300MGPZBLQDIL7538,Fairway Independent Mortgage Corporation,5756,2024
549300MHH03ICJYEPE85,"LONGBRIDGE FINANCIAL, LLC",120,2024
549300MK77IBUMJBI791,Sullivan Bank,1,2024
549300MMQJ2MM37FDE66,"FRONTIER FINANCIAL, INC.",57,2024
549300MNZECUR067HB12,BancFirst,1,2024
549300MQEDQYDJR8CP22,COREVEST AMERICAN FINANCE LENDER LLC,18,2024
549300MSU5WVAU4ZN645,"Dollar Bank, Federal Savings Bank",5,2024
549300MU2YI0HXIT3257,"Liberty Savings Bank, F.S.B.",31,2024
549300MU3SP76R81WW62,"COMMUNITY MORTGAGE, LLC",4,2024
549300MUXFVZKH4XLG17,"RESIDENTIAL WHOLESALE MORTGAGE, INC.",18,2024
549300MVSM4XYFQL3X62,BARKSDALE,1,2024
549300MY7KEVWMI4DF64,"ACCESS CAPITAL FUNDING, L.L.C.",3,2024
549300MYAXFDGEI4NZ65,GFA Federal Credit Union,1,2024
549300MZ8VZJOVC63092,"KIND LENDING, LLC",514,2024
549300N1YEXP02MHBR47,"WRIGHT-PATT CREDIT UNION, INC.",1,2024
549300N2GMOJ61XHEL06,SELECT LENDING SERVICES LLC,106,2024
549300N3JBQ15RQ7AV97,"MORIA DEVELOPMENT, INC.",10,2024
549300N5GF79IZ5Y7G10,AMERICAN HERITAGE FCU,2,2024
549300NB3SBC1KHAWB92,GERSHMAN INVESTMENT CORP.,362,2024
549300NBFK4GO76FTE84,CNB Bank,1,2024
549300NDNZ6EWP8BJI88,Bank Iowa,4,2024
549300NFPC3Y4W3Y7R87,CALCON MUTUAL MORTGAGE LLC,454,2024
549300NGCDNC9174EF79,Banterra Bank,163,2024
549300NJVKCDJA5YC939,"HOMEOWNERS FINANCIAL GROUP USA, LLC",5,2024
549300NL3JN3ABDPH257,AFFINITY PLUS,1,2024
549300NLJI4QKZ3D0G94,"5TH STREET CAPITAL, INC.",2,2024
549300NN0PRX3I4QGG46,"Mid-Continent Funding, Inc.",32,2024
549300NN5CG5Q640OV05,Hickory Point Bank and Trust,356,2024
549300NOCASXPA34X033,"LAKEVIEW LOAN SERVICING, LLC",1457,2024
549300NQA30MEKPQP417,Sandy Spring Bank,1,2024
549300NSOTTGIGCIV712,ASCENTRA Credit Union,370,2024
549300NWBS6MQJX15N44,NexBank,467,2024
549300NWKILSNQAIG053,CHARTWAY FEDERAL CREDIT UNION,1,2024
549300NZ2IPWRMLAYZ30,MID-ISLAND MORTGAGE CORP.,2,2024
549300NZWZUYUWEOA562,Elements Financial Federal Credit Union,28,2024
549300O1WXPWCOK7ZU87,"American Fidelity Mortgage Services, Inc.",142,2024
549300O4KTZGM04CCZ47,Abbott Laboratories Employees Credit Union,178,2024
549300O5WDIJU8S7OI05,"Stride Bank, National Association",7,2024
549300O6Z0I6KYMESL47,AMWEST FUNDING CORP.,255,2024
549300O7SGM8FH65GQ47,Busey Bank,1781,2024
549300OA8B0OLDA16R42,The Farmers and Merchants National Bank of Nashville,60,2024
549300OARXTADS0L8L11,1ST MIDAMERICA CREDIT UNION,742,2024
549300OBJRCHJ0G6XU24,U S WIDE FINANCIAL LLC,11,2024
549300OBLIP1F3NM5751,PlainsCapital Bank,5,2024
549300OBO7DOF2KOP535,FirstBank,33,2024
549300OEWY869SOVHF18,Union Savings Bank,83,2024
549300OGIGNKGO2DX942,FEDEX EMPLOYEES CREDIT ASSOCIATION,13,2024
549300OJ2JN8JFPQM182,Illiana Financial Credit Union,100,2024
549300OJTK0IPSNDA832,Liberty Bank and Trust Company,28,2024
549300OPB0G5OMY0SM65,NEW WAVE LENDING GROUP INC,99,2024
549300OPCWU6E72WUT29,"MUTUAL OF OMAHA MORTGAGE, INC.",1664,2024
549300OR2C7AGDZFTS24,Midwest BankCentre,190,2024
549300OS8C7J7ZWMNL70,Burke & Herbert Bank & Trust Company,1,2024
549300OSS620JYU5KR81,ARSENAL CREDIT UNION,11,2024
549300OSZK2W0WJYS771,Northwest Federal Credit Union,28,2024
549300OVNJWJXYPGIU28,"BankChampaign, National Association",55,2024
549300OVUSU8E87XZV67,Legence Bank,90,2024
549300OZ550X4QD5PC74,Royal Credit Union,3,2024
549300OZIFHR7THILC90,"Merchants Bank, National Association",2,2024
549300OZZQ1ZON9W1K45,The First National Bank of Ava,38,2024
549300P1347BFCBHJV60,MASS. INSTITUTE OF TECH. FEDERAL CREDIT UNION,3,2024
549300P55E0GN57DEV03,"GEO-CORP, INC.",1,2024
549300P5JG6WBCSZ7M53,AGRICULTURE Federal Credit Union,4,2024
549300P6ZERWX5BPWX45,"VERVE, A CREDIT UNION",36,2024
549300P7J9S1WSW4VU68,"Village Bank and Trust, National Association",56,2024
549300P8K0GPRS1CUS51,HNB National Bank,13,2024
549300P8W7NTNS3TVK84,Fidelity Bank & Trust,13,2024
549300PBTV7FCWLSMM53,"MORTGAGE SOLUTIONS OF COLORADO, LLC",146,2024
549300PC4MFWQBNVKG88,"V.I.P. MORTGAGE, INC.",27,2024
549300PEWJWBNEOSS013,"BAYSHORE MORTGAGE FUNDING, LLC",54,2024
549300PFJ7GCGDLB2E65,"First Option Mortgage, LLC",2,2024
549300PI8J8CV6B53I58,Bank of Ann Arbor,2,2024
549300PIL8LFAQ04XC20,"SPRING EQ, LLC",2975,2024
549300PJ2WT35S77Q208,CONSUMER REAL ESTATE FINANCE CO.,191,2024
549300PKEQ3Q9S0IXW76,UNITED FEDERAL CREDIT UNION,28,2024
549300PL267CW8182203,"LoanUnited.com, LLC",69,2024
549300PL8ER6H23P0Z91,BAY EQUITY LLC,1312,2024
549300PM3R14MRQSOJ39,MIDWEST MEMBERS Credit Union,79,2024
549300POCKENHFN8BN88,Longview Bank,351,2024
549300PQLK8E48ILXV41,"Valon Mortgage, Inc.",21,2024
549300PXIFIEPL7D7R86,Brighton Bank,80,2024
549300PXL1KA5TOL2O82,"M/I FINANCIAL, LLC",664,2024
549300PZ44DNQDPOV865,Pinnacle Bank,1,2024
549300Q1WJSOIS2FON98,"CITYWIDE HOME LOANS, LLC",1,2024
549300Q1YFRSB8UEGH03,Truity Federal Credit Union,3,2024
549300Q3ROEQU3D1IW91,CREDIT HUMAN FEDERAL CREDIT UNION,173,2024
549300Q4JBLTKDC7J303,"Bank of Whittier, National Association",1,2024
549300Q50XCC0473FG63,QUORUM FEDERAL CREDIT UNION,152,2024
549300Q6YL1SFVPEGV90,"INTELLILOAN, INC.",1,2024
549300Q76VHK6FGPX546,Central Bank,3,2024
549300Q7ODSDOEDUNP68,"FIRST INTEGRITY MORTGAGE SERVICES, INC.",18,2024
549300QCJE0X5P8H4Z85,The Paducah Bank and Trust Company,6,2024
549300QCYEU2QLIWN517,LEGEND LENDING CORPORATION,5,2024
549300QD23LICPXTPB55,"DIGNIFIED HOME LOANS, LLC",10,2024
549300QDGMFASKEN7Z77,Blaze Credit Union,5,2024
549300QIUZLVR1OLDH55,Genisys Credit Union,13,2024
549300QJOGSPJ8EAX798,Central National Bank,1,2024
549300QKL5FUBZ8LSF50,"NATIONS DIRECT MORTGAGE, LLC",106,2024
549300QLO8TSQW5JTK72,WEST GATE BANK,61,2024
549300QR0KFPEDZPEI42,STOCKTON MORTGAGE CORPORATION,123,2024
549300QRH7IX8IMYTC57,Dundee Bank,1,2024
549300QSOO0QJ7R1VQ66,"MILESTONE HOME LENDING, LLC",1,2024
549300QTN66CFMVWLH03,MAYO EMPLOYEES FEDERAL CREDIT UNION,1,2024
549300QV6YJK6ZDZPV54,Collinsville Building and Loan Association,65,2024
549300QVGK8WC4HQ3C28,PRINCETON MORTGAGE CORPORATION,25,2024
549300QWUZ3ZGKKC7W73,Merchants and Manufacturers Bank,16,2024
549300QWYPPH283K6R36,Prospect Bank,79,2024
549300QX0QWWJKEY4R28,Marquette Bank,577,2024
549300QYV7W4MRNEFK89,TECH Credit Union,61,2024
549300R0SXC1JU7ZU290,"FIRST COMMUNITY MORTGAGE, INC.",184,2024
549300R4F5COFJE0DN81,"ONY GLO, INC.",22,2024
549300R77W0P105C3S50,HOMEXPRESS MORTGAGE CORP.,224,2024
549300R7HGHP2I754087,TOWNE MORTGAGE COMPANY,1359,2024
549300R8VPSFM828B312,TEACHERS FEDERAL CREDIT UNION,77,2024
549300R9S3MVDV4MGF56,"CARRINGTON MORTGAGE SERVICES, LLC",1387,2024
549300RA3E0BUFO7YZ21,"Hometown Equity Mortgage, LLC",114,2024
549300RAQJBTN6Z28096,"Wintrust Bank, National Association",336,2024
549300RBJCM5B02O5U05,Northwest Bank,2,2024
549300RD5IG88VPO6P22,"GUIDANCE RESIDENTIAL, LLC",413,2024
549300REENMLD2RN3W58,"Magnolia Bank, Incorporated",35,2024
549300RFPLMCMJL7BS81,"BELLWETHER ENTERPRISE REAL ESTATE CAPITAL, LLC",9,2024
549300RIPPSJXAQKZ383,CIBM Bank,558,2024
549300RM0VO0UBTMOZ05,CNB St Louis Bank,2,2024
549300RM1IZYGQDSNL85,"Texana Bank, National Association",56,2024
549300RN01LBYR8ZVX74,"LOWER, LLC",1742,2024
549300ROUYYKL22P3T17,The First National Bank of Pandora,1,2024
549300RPOGWJRH63HS39,UNION HOME MORTGAGE CORP.,1492,2024
549300RUFHC5ZQDL8J10,Citizens Tri-County Bank,1,2024
549300RUKY2I2HQ2AI44,POLISH & SLAVIC,412,2024
549300RUQL0X1TB8PM88,Bank Star,1,2024
549300RV3BMT6ES6TO70,"United Fidelity Bank, fsb",11,2024
549300RWMKY0FK1H5L44,Montgomery Bank,11,2024
549300RYTR2RVL4SFJ90,"TEMPLE VIEW CAPITAL FUNDING, LP",85,2024
549300RYWXR8TL5LIK35,"ALLIED MORTGAGE GROUP, INC.",63,2024
549300RZFHIGIM84KN09,First Citizens National Bank,1,2024
549300S0KDQNIC08M074,UMASSFIVE COLLEGE,1,2024
549300S5FVOSK5DQJN30,INTERCAP LENDING INC.,5,2024
549300S5LHMBX3WRT314,"Wheaton Bank & Trust, N.A.",51,2024
549300S5YL3OH0IVCS62,FINANCE OF AMERICA REVERSE LLC,152,2024
549300S7NSQ9I9GYHD48,ELECTRO SAVINGS CREDIT UNION,11,2024
549300S8CJG5MSY8BH57,BANK OF LITTLE ROCK MORTGAGE CORPORATION,1,2024
549300S8SHBRCI7UU819,Baxter Credit Union,1272,2024
549300S93XI20FLTGK89,"Aurora Financial, LLC",1,2024
549300SBA6BX8HZZF585,"Fidelity Lending Solutions, Inc.",1,2024
549300SDO5FP7F86HH46,"FNB Bank, Inc.",1,2024
549300SFG15JDKI5MD22,BankPlus,1,2024
549300SI3EZ7U02L5E39,PROPONENT Federal Credit Union,5,2024
549300SK2GVCQXPD4S58,"SUN WEST MORTGAGE COMPANY, INC.",329,2024
549300SKTBTC2QFDKG02,Centier Bank,41,2024
549300SNZET0P5BZ3J56,Morton Community Bank,1523,2024
549300SQH6MBVMMRRA85,INOVA,18,2024
549300SQKZC6HESYGO25,Signature Federal Credit Union,45,2024
549300SQRR7T3EUSDD87,"Orchard Mortgage, LLC",3,2024
549300SUCQ1358EGVE89,"NEW DAY FINANCIAL, LLC",837,2024
549300SVKVT1EF3U0N48,"ON Q FINANCIAL, LLC",3,2024
549300SWHFQY2F7RN335,"COMMUNITY MORTGAGE FUNDING, LLC",5,2024
549300SXT4VBB68QCC26,EVERWISE CREDIT UNION,6,2024
549300SY0ZRUCS4CSY07,LAFAYETTE FEDERAL CREDIT UNION,18,2024
549300T0T513EF0UT426,The Piedmont Bank,1,2024
549300T2FOBK6WY4B349,NORTH COUNTRY,1,2024
549300T3F9S1MKFKHC53,HOMESTEAD FUNDING CORP.,30,2024
549300T3MSPBPSPZLR85,First Trust Bank of Illinois,84,2024
549300T560RY8NY4EY89,The Ephrata National Bank,1,2024
549300T5QSL6MC8M4D04,"NORWICH COMMERCIAL GROUP, INC.",100,2024
549300T67186NPGCHI50,FIRST COMMUNITY,259,2024
549300T7AIY7RU1YDP31,NBH Bank,5,2024
549300T7HRS5DVBUPQ06,"BoxCar Mortgage, LLC",19,2024
549300T94GSH3C4U5M59,ALLIANT CREDIT UNION,1122,2024
549300T9P3WXNMXX0I34,Ixonia Bank,854,2024
549300TA4MQM8WN2XG31,"VELOCITY COMMERCIAL CAPITAL, LLC",286,2024
549300TB3TMP4RV5T078,"NEW FED MORTGAGE, CORP.",2,2024
549300TCY9QY8BRDQJ12,UNITED NORTHERN MORTGAGE BANKERS LIMITED,3,2024
549300TDBTRK89DZRC13,FIBRE,1,2024
549300TDRENNEZ2S6M03,THE MONEY HOUSE INC.,1,2024
549300TDVGWRELEO5F50,Visions Federal Credit Union,2,2024
549300TFL8UPEHU61608,Bank & Trust Company,170,2024
549300TK6RZQSFXZHV09,"MICHIGAN MUTUAL, INC.",140,2024
549300TMY3OACQC9U777,"Greenbox Loans, Inc.",32,2024
549300TN0HZ349E7ZH34,ALLIANCE CREDIT UNION,5,2024
549300TN34NXD7N44O04,Two Rivers Bank & Trust,15,2024
549300TOOOOW36EX6R40,Suncoast Credit Union,2,2024
549300TOZIPCBM0DLH67,ILLINOIS STATE,157,2024
549300TQWW6MLVH6KY61,ALLEGACY FEDERAL CREDIT UNION,7,2024
549300TRBLKWZO8LPT76,THE FAMILY,58,2024
549300TSIYX9RDYWC806,First Midwest Bank of the Ozarks,1,2024
549300TTPRGSP8DGY569,WRIGHT PATMAN CONGRESSIONAL FEDERAL CREDIT UNION,9,2024
549300TUISK0W7DE2464,The Harvard State Bank,47,2024
549300TULDV69V2XKY60,United States Senate Federal Credit Union,5,2024
549300TUQC6OYE8A0Y96,"PACIFIC RESIDENTIAL MORTGAGE, LLC",2,2024
549300TUSRLWD8ETNR90,SPOKANE TEACHERS,1,2024
549300TV5ZED3EINI708,IncredibleBank,3,2024
549300TWHZRVTZ8RYT46,First Farmers Bank & Trust Co.,83,2024
549300TWKRP1O3DIPG10,MRV Banks,1,2024
549300U3721PJGQZYY68,"GUARANTEED RATE, INC.",15970,2024
549300U4FBW37LFHW771,JET DIRECT FUNDING CORP,2,2024
549300U6DW7DX671T306,Midland States Bank,1423,2024
549300U7UH8QCS8WQ406,PURDUE,21,2024
549300U8E8RBG5YNMP39,DEPARTMENT OF COMMERCE,2,2024
549300U8L31JJT1ZDP60,"Peoples National Bank , N.A.",505,2024
549300UDBUNBNEKR8J69,"St. Charles Bank & Trust Company, National Association",65,2024
549300UF3FPC7U6RFC59,The Central Trust Bank,118,2024
549300UG7QXKM7KGV847,ROYAL UNITED MORTGAGE LLC,443,2024
549300UHEEV73TKCZY62,Self-Help Federal Credit Union,281,2024
549300UIU6ZMTZ7XEW62,Hanmi Bank,13,2024
549300UKYJZO6CZXIX60,"UNITED HOME LOANS, INC.",528,2024
549300UM6HPORF7X4415,IAA Credit Union,86,2024
549300UR5AOWTJJ7KZ64,LENDSURE MORTGAGE CORP.,94,2024
549300US45HOXL30J494,FINANCIAL RESOURCES FEDERAL CREDIT UNION,1,2024
549300UTE20103B0T339,"ENNKAR, INC.",5,2024
549300UV5JQXLGVWIP44,Devon Bank,180,2024
549300UVOSI4XZZGUE14,"VERITAS FUNDING, LLC",70,2024
549300UXTDELQS5SLF91,DUPACO COMMUNITY,231,2024
549300UXY7OP0IC38293,Northpointe Bank,94,2024
549300UXZ76FJVM3UC43,Oak Bank,3,2024
549300V36YE6JCCEJB76,Arizona Financial Credit Union,1,2024
549300V3N91EH05UWL23,SKYONE Federal Credit Union,4,2024
549300V3UW6HP83URS67,ADVIA Federal Credit Union,332,2024
549300V8CF81JGIV7038,"COMPASS MORTGAGE, INC.",1192,2024
549300VBLC1LTYHXGB54,First Bank of Manhattan,73,2024
549300VBY3NBKUNMKL64,HONDA Federal Credit Union,2,2024
549300VCMRO4ST680C11,VILLAGE CAPITAL & INVESTMENT LLC,1329,2024
549300VGMMXKSX821O69,"HARTFORD FUNDING, LTD.",2,2024
549300VH184HHOFFT776,Meijer Credit Union,1,2024
549300VJ2DUIQKBO9U08,Scott State Bank,77,2024
549300VJ7C5JB4W87F48,"KEY MORTGAGE SERVICES, INC.",1926,2024
549300VJ9DGB4OZNPL63,Northview Bank,1,2024
549300VJQJVZKJBDWS17,"TOTAL MORTGAGE SERVICES, LLC",30,2024
549300VLXW0YGTWFT173,SIU Credit Union,132,2024
549300VMX06UV1F7NS76,"SUCCESS MORTGAGE PARTNERS, INC.",193,2024
549300VN9E1DEKF26E34,SPACE COAST CREDIT UNION,3,2024
549300VORTI31GZTJL53,"CARDINAL FINANCIAL COMPANY, LIMITED PARTNERSHIP",436,2024
549300VQUTI5IU7GXT57,SECURITYNATIONAL MORTGAGE COMPANY,79,2024
549300VUQP8LETNCVK53,First Nations Bank,19,2024
549300VVH8HHFMWL8536,CHEVRON Federal Credit Union,6,2024
549300VYK2WBD7SST478,Bank OZK,1,2024
549300VZVN841I2ILS84,"CROSSCOUNTRY MORTGAGE, INC.",7805,2024
549300W09D8JV1ANXX59,"THE ANDERSON FINANCIAL GROUP, INC.",318,2024
549300W1AS8CZYV4MQ17,Blackhawk Community Credit Union,14,2024
549300W1HU6IVVIEJ389,"RANLIFE, INC.",7,2024
549300W424PDJPNFLY60,The Gifford State Bank,64,2024
549300W45D2J6BT4LX65,"ALL CREDIT CONSIDERED MORTGAGE, INC.",92,2024
549300W4FT4H1UWPGU95,GREENSTATE Credit Union,4514,2024
549300W5A6PQ1VJG3497,First Federal Bank of Kansas City,2,2024
549300W6J23SLH6AR815,Great Lakes Credit Union,544,2024
549300WBJK857X8MNU96,GAS AND ELECTRIC CREDIT UNION,13,2024
549300WHVRE44NRBU558,City Lending Inc.,9,2024
549300WIE2SKOKI8PF63,North Shore Trust and Savings,388,2024
549300WJMSK78N2L9U23,"OAK MORTGAGE, LLC",2,2024
549300WK15ESCDNJ5M35,CORNING CREDIT UNION,1,2024
549300WMQ4WI6QXK7803,SKYLA FEDERAL CREDIT UNION,3,2024
549300WPK18IMSC1OM63,"LUMENT STRUCTURED FINANCE, LLC",2,2024
549300WRDGBHKR1BXL98,Merchants Bank of Indiana,62,2024
549300WS8BW0I0BDA390,DIAMOND RESIDENTIAL MORTGAGE CORPORATION,409,2024
549300WUGYTMN4HIT493,DuPage Credit Union,995,2024
549300WVVCPSUJMG9419,BLC Community Bank,1,2024
549300WW4OBT30G5DK23,THRIVENT Federal Credit Union,20,2024
549300WXIUJ8ZTV7X921,Peoples Bank of Kankakee County,135,2024
549300WYBPIWKK6SQC06,Bell Bank,59,2024
549300WYC8C6REMY4E38,Minnwest Bank,1,2024
549300WZWPMDWIL12842,Apex Bank,3,2024
549300X08QKYUH256I80,"Goldwater Bank, N.A.",5,2024
549300X4P2GHQNMZGO79,MORTGAGE CENTER L.C,82,2024
549300X66F41NHRM7578,Federated Bank,18,2024
549300X6ESK4SUBRYL85,Waterman State Bank,278,2024
549300X7KG2H84UCP685,"Financial Funding Solutions, Inc.",10,2024
549300X9F6RDCRU0HK78,First Bank of Owasso,1,2024
549300XAHXRVSRML8V19,"DIRECT MORTGAGE, CORP.",7,2024
549300XAJENHWRM32Z86,Bank of Springfield,714,2024
549300XCVBRR56D08F03,"MISSION LOANS, LLC",121,2024
549300XFW2CXGSLDJ958,GATEWAY MORTGAGE CORPORATION,6,2024
549300XKEC7P1D7OKJ16,Great Plains National Bank,1,2024
549300XMCDBXHD84QD46,Ohnward Bank & Trust,2,2024
549300XOOL3OJTITCV30,CITADEL FEDERAL CREDIT UNION,1,2024
549300XOTES5TCS8T794,"First Mid Bank & Trust, National Association",1865,2024
549300XOWUPV4E45EE89,"Farmers State Bank of Alto Pass, Ill.",173,2024
549300XPRIVI6I4YR959,State Bank of Bement,30,2024
549300XQ7B5FIVUNFE29,VAN DYK MORTGAGE CORPORATION,14,2024
549300XQVJ1XBNFA5536,21st Mortgage Corporation,1764,2024
549300XR0EY1M0FVG232,MORTGAGE BANK OF CALIFORNIA,2,2024
549300XRF9LCZ3RX3Q39,"Allied First Bank,sb",124,2024
549300XRXBA38J60S618,JMJ FINANCIAL GROUP,1,2024
549300XUMML1SMLTVQ62,NUTMEG STATE FINANCIAL,1,2024
549300XW2H531FLD3I90,FIRST FED BANK,2,2024
549300XWUSRVVOHPRY47,"EVERETT FINANCIAL, INC.",87,2024
549300XXX5RVRVYNKY79,Home State Bank,4,2024
549300XY02VS45I5ZZ90,Lincoln Savings Bank,1,2024
549300XY701IELCE5Q08,BETTER MORTGAGE CORPORATION,672,2024
549300XYHH9IPC6FQW89,The Bank of Herrin,40,2024
549300XYLNCM8KWF7B15,TRUWEST Credit Union,2,2024
549300XZ4R55J9UKB235,SELFRELIANCE FEDERAL CREDIT UNION,191,2024
549300XZEU2LB7FLWW04,FOUR POINTS,1,2024
549300Y0F8X17ADZK505,First Bank Richmond,1,2024
549300Y4GAAGXS20SL80,MISSOURI ELECTRIC COOPERATIVES EMPL,1,2024
549300Y5Y88FQLI7VE83,DEEPHAVEN MORTGAGE LLC,333,2024
549300Y7HCU10KIRLG30,Peoples Bank,114,2024
549300YAYQAARPBTRA72,"PROPER RATE, LLC",2124,2024
549300YB1H2FRI6JPM51,LAKE MICHIGAN CREDIT UNION,84,2024
549300YCCZTMBHGTNQ79,Independent Bank,1,2024
549300YD7XJM19TH5O82,CITIZENS EQUITY FIRST,3990,2024
549300YDBNK66R6ZES34,TOGETHER CREDIT UNION,120,2024
549300YHSRT5YOR5W454,ALLIANCE CREDIT UNION,1,2024
549300YIQ7S7Z8PIHE53,AmeriSave Mortgage Corporation,3846,2024
549300YKBMBBIIMQJS94,Southern Bank,51,2024
549300YMEOE50UQ6NM87,American Bank of Freedom,3,2024
549300YMIOLU51FSTO86,"CONSTRUCTIVE LOANS, LLC",37,2024
549300YNUT7D0FWKU636,The Farmers National Bank of Canfield,1,2024
549300YOCINIK5RN6R57,GATEWAY METRO,2,2024
549300YPBBHUEKV1YC68,"CITY FIRST MORTGAGE SERVICES, L.L.C.",3,2024
549300YPQDQJM78AYS70,HEARTLAND,196,2024
549300YW2UBCMDRMBT48,"RELIANCE FIRST CAPITAL, LLC",2,2024
549300YX5RPSSMR88K92,"MERCHANTS MORTGAGE & TRUST CORPORATION, LLC",19,2024
549300Z4HQ7YDKUVEW39,VANTAGE WEST,1,2024
549300Z4ZK628DTL4L52,MidAmerica National Bank,171,2024
549300Z77WUYJM3QG591,First PREMIER Bank,5,2024
549300ZCR1XCLNEEI724,FOUNDATION MORTGAGE CORPORATION,75,2024
549300ZIXM1VUXPG4D03,"Florida Capital Bank, National Association",55,2024
549300ZJ52ZRS3Q0S589,Bank of O'Fallon,115,2024
549300ZK7EAZ7CRGCU94,The First National Bank of Raymond,37,2024
549300ZL6THC5R7VUP98,First Fidelity Bank,1,2024
549300ZM3TKJVUYB3676,Central Bank Illinois,342,2024
549300ZOKUKS0Z7C3X31,360 Federal Credit Union,2,2024
549300ZPSJZO10ZAX556,"AMERICAN HERITAGE LENDING, LLC",220,2024
549300ZTG888WY6L8M95,German-American State Bank,25,2024
549300ZVE7XVH8GM5H22,MEMBERS ADVANTAGE CREDIT UNION,1,2024
549300ZWIT8J8Y2EXL07,PROTECTIVE LIFE CORPORATION,1,2024
549300ZWNETGFXTBBY03,"CANOPY MORTGAGE, LLC",31,2024
549300ZX4OGRPOOEH505,Oakstar Bank,1,2024
549300ZZME37MXI1EF14,"DAS Acquisition Company, LLC",480,2024
593C3GZG957YOJPS2Z63,City National Bank,10,2024
635400IW1QMK3FNFF894,MERIDIAN BANK,1,2024
6BYL5QZYBDK8S7L73M02,U.S. Bank National Association,14735,2024
6GK3WNTSHBNJOVP1LV97,ENT Credit Union,1,2024
6PTKHDJ8HDUF78PFWH30,The Northern Trust Company,26,2024
70WY0ID1N53Q4254VH70,Comerica Bank,1,2024
7DMUJTL9FFTVIAG9H788,Commerce Bank,520,2024
7H6GLXDRUGQFU57RNE97,"JPMorgan Chase Bank, National Association",12614,2024
8945004XZN3PZQZJW178,UNCLE Credit Union,1,2024
8AI385EP1ZJCMUOZ8022,Landmark National Bank,1,2024
8I3UVGYULPJQIP7FQV10,"SouthState Bank, National Association",1,2024
9845001DAE89414CBB55,"Zippy Loans, LLC",450,2024
98450057E3K708X9HP12,Tioga Franklin Savings Bank,1,2024
9845006B80369D0D9F43,"Center Street Lending VIII SPE, LLC",7,2024
9845006YE04B346EC919,"SayGO Home Loans, LLC",132,2024
98450087981AP406JG03,CONVENTUS LLC,35,2024
984500AP41B6D7A4G025,"LoanFront, LLC",5,2024
984500C6D3DC0BE5E321,OrangePath Financial Inc.,1,2024
984500CD6F0743B8F530,United Trust Bank,20,2024
984500DB378C704F4610,CITY-COUNTY CREDIT UNION,1,2024
984500F03B9034CQB904,"Beeline Loans, Inc.",187,2024
984500F6E6940CCB6A60,Emporium TPO LLC,84,2024
984500P059VACEAAFA22,"SUCCESS LENDING, LLC",336,2024
984500U2F9A83N391A91,"CHAMPIONS FUNDING, LLC",118,2024
9LIMABRJ9VPV74PBJB17,Hinsdale Bank & Trust Company,183,2024
AD6GFRVSDT01YPT1CS68,"PNC Bank, National Association",7584,2024
B2S31CFVSWTN3FR00Q90,"PGIM Real Estate Finance, LLC",3,2024
B4TYDEB6GKMZO031MB27,"Bank of America, National Association",6907,2024
B94HV8SXGDD3J5XESU08,Old Second National Bank,1120,2024
C398JSK21YCXWM603F55,"Barrington Bank & Trust Company, National Association",3890,2024
C4BXATY60WC6XEOZDX54,"MetLife, Inc.",3,2024
C5654JQHZUHN0772B561,USAA Federal Savings Bank,776,2024
CKVBED0S4DMLKJJ5XH28,Stifel Bank and Trust,125,2024
CLHA5EVJO4FMZ2WOBV70,"Northbrook Bank and Trust Company, National Association",77,2024
COINQMNIM6RBU631DD85,Arvest Bank,56,2024
COOWI3L2W9TPYR3WJX37,First Horizon Bank,9,2024
DRMSV1Q0EKMEXLAU1P80,"Citizens Bank, National Association",1245,2024
E57ODZWZ7FF32TWEFA76,"Citibank, National Association",3764,2024
EFBDHEMMHTWI378O4988,Heartland Bank and Trust Company,842,2024
EQTWLK1G7ODGC2MGLV11,Regions Bank,2192,2024
FDXQ75GPEQKRPWABYN63,CIBC Bank USA,353,2024
FT6J43S06X6CLJ0R0B48,Cathay Bank,32,2024
FU7RSW4CQQY98A2O7J66,"BOKF, National Association",9,2024
GDN5JXQ4P5NZE28ZRC90,City National Bank of Florida,1,2024
HIDXEG9BLUJZKBGUT764,Bank-Fund Staff Federal Credit Union,10,2024
HUX2X73FUCYHUVH1BK78,KeyBank National Association,20,2024
I70W3N0Z6KOX8FYIH023,Peoples Bank,1,2024
IUGPUX5LWRZ3B6KIZ697,Ameris Bank,158,2024
IWRZQFYIRJ0IMURZBB68,Johnson Financial Group,95,2024
JJKC32MCHWDI71265Z06,Truist Bank,928,2024
K0ZDN2CBIQC0EHBKNK35,Enterprise Bank & Trust,1,2024
KB1H1DSPRFMYMCUFXT09,"Wells Fargo Bank, National Association",2783,2024
KD3XUN7C6T14HNAYLU02,Goldman Sachs Bank USA,77,2024
KI0VI4JRMCIJ329YTN75,Valley National Bank,1,2024
L9VVX1KT5TFTKS0MLF66,First-Citizens Bank & Trust Company,29,2024
LBIZXW7X2N50PETIH863,STAR Financial Bank,1,2024
LCUAWMT4M5H8DJ8DFH49,1st Source Bank,7,2024
LDVFX8JEECFFE8HRWA73,First National Bank of Omaha,1056,2024
LVR1UQE8OOCO93IHEB52,Northwest Bank,1,2024
MV4O55SH8HO6KQSGW013,First Financial Bank,158,2024
NJ1Z0LLF4RLDWG2WCN80,LINCOLN NATIONAL LIFE INSURANCE COMPANY,1,2024
NSGZD26XPW2CUM2JKU70,HANCOCK WHITNEY BANK,1,2024
P7GC0W65KB5CEIHLDX81,Horizon Bank,36,2024
PAOOWF3GUFM46FBSP561,PHH Mortgage Corporation,1632,2024
PS6WLKTYGZOKK05G5O59,Cedar Rapids Bank and Trust Company,3,2024
Q708HHR4LD2B7XIZNO92,First Federal Bank,250,2024
Q7C315HKI8VX0SSKBS64,Cadence Bank,8,2024
QFROUN1UWUYU0DVIWD51,"Fifth Third Bank, National Association",6857,2024
QGPGHQ1ENZOOLJRFTH41,"WesBanco Bank, Inc.",3,2024
R6KJ2D7C3UT8OVTWHS39,Union Bank and Trust Company,1,2024
RM2F4G3WBQ8R9OKYRH19,Mercantile Bank,3,2024
RVDPPPGHCGZ40J4VQ731,"PENNYMAC LOAN SERVICES, LLC",11131,2024
S0Q3AHZRL5K6VQE35M07,First Merchants Bank,190,2024
SS1TRMSN6BRNMOREEV51,"Flagstar Bank, N.A.",1914,2024
UPMVBH3EU3LS6P1KR697,"AMERANT BANK, NATIONAL ASSOCIATION",4,2024
VN1JLT1F3FLLVN3FZG89,First Commonwealth Bank,3,2024
VNOO6EITDJ2YUEBMSZ83,"UMB Bank, National Association",47,2024
WKN6AF1FCL7BBYGTGI83,First Savings Bank,29,2024
WWB2V0FCW3A0EE3ZJN75,Manufacturers and Traders Trust Company,107,2024
X05BVSK68TQ7YTOSNR22,Discover Bank,9343,2024
X6T32LKEPUT8LQMW6755,Republic Bank & Trust Company,7,2024
XC7Z0BA39TU7L1AKOJ12,First American Bank,3737,2024
YQI2CPR3Z44KAR0HG822,The Park Bank,2,2024
ZF85QS7OXKPBG52R7N18,"Associated Bank, National Association",1809,2024
ZXMJHJK466PBZTM5F379,Raymond James Bank,51,2024
